run,strategy,workers,cap,seed_spent,cost,adapter,epsilon_source,db_constraint_present,naive_race_delay_ms,reserved_count,denied_count,error_count,expected_max_success,final_spent,final_reserved,total,overshoot,breach,i1_cap_safety,i2_ledger_agreement,i4_exactly_once,reserved_at_spread_ms,wall_ms,latency_p50_ms,latency_max_ms
1,atomic,2,10.0,6.0,2.0,none,passed_in,False,0.0,2,0,0,2,6.0,4.0,10.0,0.0,False,True,True,True,0.166,8.319,7.399,7.655
2,atomic,2,10.0,6.0,2.0,none,passed_in,False,0.0,2,0,0,2,6.0,4.0,10.0,0.0,False,True,True,True,0.522,9.594,8.29,8.474
3,atomic,2,10.0,6.0,2.0,none,passed_in,False,0.0,2,0,0,2,6.0,4.0,10.0,0.0,False,True,True,True,0.062,6.448,5.619,5.939
4,atomic,2,10.0,6.0,2.0,none,passed_in,False,0.0,2,0,0,2,6.0,4.0,10.0,0.0,False,True,True,True,0.104,8.504,7.372,7.609
5,atomic,2,10.0,6.0,2.0,none,passed_in,False,0.0,2,0,0,2,6.0,4.0,10.0,0.0,False,True,True,True,0.125,11.063,9.734,10.96
6,atomic,2,10.0,6.0,2.0,none,passed_in,False,0.0,2,0,0,2,6.0,4.0,10.0,0.0,False,True,True,True,0.089,6.315,5.471,5.81
7,atomic,2,10.0,6.0,2.0,none,passed_in,False,0.0,2,0,0,2,6.0,4.0,10.0,0.0,False,True,True,True,0.098,5.815,5.039,5.325
8,atomic,2,10.0,6.0,2.0,none,passed_in,False,0.0,2,0,0,2,6.0,4.0,10.0,0.0,False,True,True,True,0.112,7.187,6.358,6.643
9,atomic,2,10.0,6.0,2.0,none,passed_in,False,0.0,2,0,0,2,6.0,4.0,10.0,0.0,False,True,True,True,0.114,8.901,7.688,8.829
10,atomic,2,10.0,6.0,2.0,none,passed_in,False,0.0,2,0,0,2,6.0,4.0,10.0,0.0,False,True,True,True,0.113,8.609,7.691,7.837
11,atomic,2,10.0,6.0,2.0,none,passed_in,False,0.0,2,0,0,2,6.0,4.0,10.0,0.0,False,True,True,True,0.068,6.407,5.555,6.353
12,atomic,2,10.0,6.0,2.0,none,passed_in,False,0.0,2,0,0,2,6.0,4.0,10.0,0.0,False,True,True,True,0.142,10.601,9.07,9.346
13,atomic,2,10.0,6.0,2.0,none,passed_in,False,0.0,2,0,0,2,6.0,4.0,10.0,0.0,False,True,True,True,0.076,6.246,5.427,5.731
14,atomic,2,10.0,6.0,2.0,none,passed_in,False,0.0,2,0,0,2,6.0,4.0,10.0,0.0,False,True,True,True,0.181,9.517,8.232,8.341
15,atomic,2,10.0,6.0,2.0,none,passed_in,False,0.0,2,0,0,2,6.0,4.0,10.0,0.0,False,True,True,True,0.139,8.002,6.97,7.291
16,atomic,2,10.0,6.0,2.0,none,passed_in,False,0.0,2,0,0,2,6.0,4.0,10.0,0.0,False,True,True,True,0.082,5.998,5.193,5.556
17,atomic,2,10.0,6.0,2.0,none,passed_in,False,0.0,2,0,0,2,6.0,4.0,10.0,0.0,False,True,True,True,0.085,6.204,5.351,6.151
18,atomic,2,10.0,6.0,2.0,none,passed_in,False,0.0,2,0,0,2,6.0,4.0,10.0,0.0,False,True,True,True,0.114,5.873,5.084,5.822
19,atomic,2,10.0,6.0,2.0,none,passed_in,False,0.0,2,0,0,2,6.0,4.0,10.0,0.0,False,True,True,True,0.107,8.702,7.602,8.615
20,atomic,2,10.0,6.0,2.0,none,passed_in,False,0.0,2,0,0,2,6.0,4.0,10.0,0.0,False,True,True,True,0.133,11.331,9.794,9.952
21,atomic,2,10.0,6.0,2.0,none,passed_in,False,0.0,2,0,0,2,6.0,4.0,10.0,0.0,False,True,True,True,0.179,10.63,9.172,9.393
22,atomic,2,10.0,6.0,2.0,none,passed_in,False,0.0,2,0,0,2,6.0,4.0,10.0,0.0,False,True,True,True,0.125,10.068,8.718,8.732
23,atomic,2,10.0,6.0,2.0,none,passed_in,False,0.0,2,0,0,2,6.0,4.0,10.0,0.0,False,True,True,True,0.091,6.675,5.777,6.624
24,atomic,2,10.0,6.0,2.0,none,passed_in,False,0.0,2,0,0,2,6.0,4.0,10.0,0.0,False,True,True,True,0.101,10.314,8.586,8.749
25,atomic,2,10.0,6.0,2.0,none,passed_in,False,0.0,2,0,0,2,6.0,4.0,10.0,0.0,False,True,True,True,0.104,8.083,7.122,8.013
1,atomic,3,10.0,6.0,2.0,none,passed_in,False,0.0,2,1,0,2,6.0,4.0,10.0,0.0,False,True,True,True,0.159,8.675,6.638,8.027
2,atomic,3,10.0,6.0,2.0,none,passed_in,False,0.0,2,1,0,2,6.0,4.0,10.0,0.0,False,True,True,True,0.286,7.696,5.811,6.792
3,atomic,3,10.0,6.0,2.0,none,passed_in,False,0.0,2,1,0,2,6.0,4.0,10.0,0.0,False,True,True,True,0.314,10.082,8.71,9.007
4,atomic,3,10.0,6.0,2.0,none,passed_in,False,0.0,2,1,0,2,6.0,4.0,10.0,0.0,False,True,True,True,0.148,7.291,5.773,6.655
5,atomic,3,10.0,6.0,2.0,none,passed_in,False,0.0,2,1,0,2,6.0,4.0,10.0,0.0,False,True,True,True,0.316,7.92,6.754,7.102
6,atomic,3,10.0,6.0,2.0,none,passed_in,False,0.0,2,1,0,2,6.0,4.0,10.0,0.0,False,True,True,True,0.176,10.723,8.237,8.731
7,atomic,3,10.0,6.0,2.0,none,passed_in,False,0.0,2,1,0,2,6.0,4.0,10.0,0.0,False,True,True,True,0.405,8.737,6.284,8.676
8,atomic,3,10.0,6.0,2.0,none,passed_in,False,0.0,2,1,0,2,6.0,4.0,10.0,0.0,False,True,True,True,0.454,8.19,6.372,7.304
9,atomic,3,10.0,6.0,2.0,none,passed_in,False,0.0,2,1,0,2,6.0,4.0,10.0,0.0,False,True,True,True,0.214,8.04,6.136,6.819
10,atomic,3,10.0,6.0,2.0,none,passed_in,False,0.0,2,1,0,2,6.0,4.0,10.0,0.0,False,True,True,True,0.334,7.387,5.501,7.341
11,atomic,3,10.0,6.0,2.0,none,passed_in,False,0.0,2,1,0,2,6.0,4.0,10.0,0.0,False,True,True,True,0.174,11.154,8.893,9.685
12,atomic,3,10.0,6.0,2.0,none,passed_in,False,0.0,2,1,0,2,6.0,4.0,10.0,0.0,False,True,True,True,0.151,9.183,7.886,7.909
13,atomic,3,10.0,6.0,2.0,none,passed_in,False,0.0,2,1,0,2,6.0,4.0,10.0,0.0,False,True,True,True,0.141,7.871,6.125,7.092
14,atomic,3,10.0,6.0,2.0,none,passed_in,False,0.0,2,1,0,2,6.0,4.0,10.0,0.0,False,True,True,True,0.141,7.498,6.351,6.617
15,atomic,3,10.0,6.0,2.0,none,passed_in,False,0.0,2,1,0,2,6.0,4.0,10.0,0.0,False,True,True,True,0.181,10.147,8.029,8.972
16,atomic,3,10.0,6.0,2.0,none,passed_in,False,0.0,2,1,0,2,6.0,4.0,10.0,0.0,False,True,True,True,0.37,10.216,7.886,8.765
17,atomic,3,10.0,6.0,2.0,none,passed_in,False,0.0,2,1,0,2,6.0,4.0,10.0,0.0,False,True,True,True,0.143,8.548,6.488,7.563
18,atomic,3,10.0,6.0,2.0,none,passed_in,False,0.0,2,1,0,2,6.0,4.0,10.0,0.0,False,True,True,True,0.416,8.734,6.749,7.874
19,atomic,3,10.0,6.0,2.0,none,passed_in,False,0.0,2,1,0,2,6.0,4.0,10.0,0.0,False,True,True,True,0.217,14.068,10.624,11.043
20,atomic,3,10.0,6.0,2.0,none,passed_in,False,0.0,2,1,0,2,6.0,4.0,10.0,0.0,False,True,True,True,0.402,9.217,7.934,8.368
21,atomic,3,10.0,6.0,2.0,none,passed_in,False,0.0,2,1,0,2,6.0,4.0,10.0,0.0,False,True,True,True,0.125,14.759,11.99,12.088
22,atomic,3,10.0,6.0,2.0,none,passed_in,False,0.0,2,1,0,2,6.0,4.0,10.0,0.0,False,True,True,True,0.158,11.911,9.539,9.703
23,atomic,3,10.0,6.0,2.0,none,passed_in,False,0.0,2,1,0,2,6.0,4.0,10.0,0.0,False,True,True,True,0.2,10.631,8.445,9.121
24,atomic,3,10.0,6.0,2.0,none,passed_in,False,0.0,2,1,0,2,6.0,4.0,10.0,0.0,False,True,True,True,0.445,10.614,6.565,9.855
25,atomic,3,10.0,6.0,2.0,none,passed_in,False,0.0,2,1,0,2,6.0,4.0,10.0,0.0,False,True,True,True,0.398,10.089,8.891,8.898
1,atomic,5,10.0,6.0,2.0,none,passed_in,False,0.0,2,3,0,2,6.0,4.0,10.0,0.0,False,True,True,True,1.347,15.58,10.43,12.605
2,atomic,5,10.0,6.0,2.0,none,passed_in,False,0.0,2,3,0,2,6.0,4.0,10.0,0.0,False,True,True,True,1.77,12.745,9.011,10.681
3,atomic,5,10.0,6.0,2.0,none,passed_in,False,0.0,2,3,0,2,6.0,4.0,10.0,0.0,False,True,True,True,1.431,15.013,9.587,12.822
4,atomic,5,10.0,6.0,2.0,none,passed_in,False,0.0,2,3,0,2,6.0,4.0,10.0,0.0,False,True,True,True,1.502,15.42,10.225,13.728
5,atomic,5,10.0,6.0,2.0,none,passed_in,False,0.0,2,3,0,2,6.0,4.0,10.0,0.0,False,True,True,True,1.503,18.167,13.024,15.411
6,atomic,5,10.0,6.0,2.0,none,passed_in,False,0.0,2,3,0,2,6.0,4.0,10.0,0.0,False,True,True,True,1.466,13.339,8.932,10.568
7,atomic,5,10.0,6.0,2.0,none,passed_in,False,0.0,2,3,0,2,6.0,4.0,10.0,0.0,False,True,True,True,1.405,18.77,13.241,15.123
8,atomic,5,10.0,6.0,2.0,none,passed_in,False,0.0,2,3,0,2,6.0,4.0,10.0,0.0,False,True,True,True,2.487,15.576,10.222,12.053
9,atomic,5,10.0,6.0,2.0,none,passed_in,False,0.0,2,3,0,2,6.0,4.0,10.0,0.0,False,True,True,True,1.742,13.048,8.432,11.042
10,atomic,5,10.0,6.0,2.0,none,passed_in,False,0.0,2,3,0,2,6.0,4.0,10.0,0.0,False,True,True,True,2.097,15.141,9.134,13.149
11,atomic,5,10.0,6.0,2.0,none,passed_in,False,0.0,2,3,0,2,6.0,4.0,10.0,0.0,False,True,True,True,1.528,15.263,9.969,11.541
12,atomic,5,10.0,6.0,2.0,none,passed_in,False,0.0,2,3,0,2,6.0,4.0,10.0,0.0,False,True,True,True,1.47,11.838,8.272,10.242
13,atomic,5,10.0,6.0,2.0,none,passed_in,False,0.0,2,3,0,2,6.0,4.0,10.0,0.0,False,True,True,True,0.699,11.488,8.103,9.905
14,atomic,5,10.0,6.0,2.0,none,passed_in,False,0.0,2,3,0,2,6.0,4.0,10.0,0.0,False,True,True,True,0.617,17.932,12.475,14.946
15,atomic,5,10.0,6.0,2.0,none,passed_in,False,0.0,2,3,0,2,6.0,4.0,10.0,0.0,False,True,True,True,1.196,22.664,16.655,17.659
16,atomic,5,10.0,6.0,2.0,none,passed_in,False,0.0,2,3,0,2,6.0,4.0,10.0,0.0,False,True,True,True,1.695,22.408,16.384,17.298
17,atomic,5,10.0,6.0,2.0,none,passed_in,False,0.0,2,3,0,2,6.0,4.0,10.0,0.0,False,True,True,True,1.076,16.197,11.02,13.532
18,atomic,5,10.0,6.0,2.0,none,passed_in,False,0.0,2,3,0,2,6.0,4.0,10.0,0.0,False,True,True,True,0.651,12.122,8.254,11.359
19,atomic,5,10.0,6.0,2.0,none,passed_in,False,0.0,2,3,0,2,6.0,4.0,10.0,0.0,False,True,True,True,1.547,11.963,8.01,9.417
20,atomic,5,10.0,6.0,2.0,none,passed_in,False,0.0,2,3,0,2,6.0,4.0,10.0,0.0,False,True,True,True,0.653,12.378,8.697,11.814
21,atomic,5,10.0,6.0,2.0,none,passed_in,False,0.0,2,3,0,2,6.0,4.0,10.0,0.0,False,True,True,True,1.057,11.364,8.106,10.443
22,atomic,5,10.0,6.0,2.0,none,passed_in,False,0.0,2,3,0,2,6.0,4.0,10.0,0.0,False,True,True,True,1.168,14.051,9.698,11.697
23,atomic,5,10.0,6.0,2.0,none,passed_in,False,0.0,2,3,0,2,6.0,4.0,10.0,0.0,False,True,True,True,0.784,13.03,9.188,11.332
24,atomic,5,10.0,6.0,2.0,none,passed_in,False,0.0,2,3,0,2,6.0,4.0,10.0,0.0,False,True,True,True,0.621,12.385,8.987,10.95
25,atomic,5,10.0,6.0,2.0,none,passed_in,False,0.0,2,3,0,2,6.0,4.0,10.0,0.0,False,True,True,True,1.804,13.441,9.141,10.785
1,atomic,10,10.0,6.0,2.0,none,passed_in,False,0.0,2,8,0,2,6.0,4.0,10.0,0.0,False,True,True,True,8.999,17.326,12.845,16.223
2,atomic,10,10.0,6.0,2.0,none,passed_in,False,0.0,2,8,0,2,6.0,4.0,10.0,0.0,False,True,True,True,5.403,18.286,12.67,15.728
3,atomic,10,10.0,6.0,2.0,none,passed_in,False,0.0,2,8,0,2,6.0,4.0,10.0,0.0,False,True,True,True,3.838,30.593,21.011,27.758
4,atomic,10,10.0,6.0,2.0,none,passed_in,False,0.0,2,8,0,2,6.0,4.0,10.0,0.0,False,True,True,True,5.393,19.44,12.515,17.155
5,atomic,10,10.0,6.0,2.0,none,passed_in,False,0.0,2,8,0,2,6.0,4.0,10.0,0.0,False,True,True,True,6.687,16.823,11.296,14.198
6,atomic,10,10.0,6.0,2.0,none,passed_in,False,0.0,2,8,0,2,6.0,4.0,10.0,0.0,False,True,True,True,7.918,18.035,12.012,15.567
7,atomic,10,10.0,6.0,2.0,none,passed_in,False,0.0,2,8,0,2,6.0,4.0,10.0,0.0,False,True,True,True,6.998,18.105,11.316,15.421
8,atomic,10,10.0,6.0,2.0,none,passed_in,False,0.0,2,8,0,2,6.0,4.0,10.0,0.0,False,True,True,True,5.798,14.61,10.143,13.552
9,atomic,10,10.0,6.0,2.0,none,passed_in,False,0.0,2,8,0,2,6.0,4.0,10.0,0.0,False,True,True,True,6.586,16.024,11.13,14.732
10,atomic,10,10.0,6.0,2.0,none,passed_in,False,0.0,2,8,0,2,6.0,4.0,10.0,0.0,False,True,True,True,8.414,18.579,11.433,16.216
11,atomic,10,10.0,6.0,2.0,none,passed_in,False,0.0,2,8,0,2,6.0,4.0,10.0,0.0,False,True,True,True,6.871,13.84,10.027,12.974
12,atomic,10,10.0,6.0,2.0,none,passed_in,False,0.0,2,8,0,2,6.0,4.0,10.0,0.0,False,True,True,True,6.858,18.091,11.906,15.569
13,atomic,10,10.0,6.0,2.0,none,passed_in,False,0.0,2,8,0,2,6.0,4.0,10.0,0.0,False,True,True,True,5.523,15.8,12.159,14.703
14,atomic,10,10.0,6.0,2.0,none,passed_in,False,0.0,2,8,0,2,6.0,4.0,10.0,0.0,False,True,True,True,6.401,17.852,11.901,14.231
15,atomic,10,10.0,6.0,2.0,none,passed_in,False,0.0,2,8,0,2,6.0,4.0,10.0,0.0,False,True,True,True,6.466,13.924,9.867,12.577
16,atomic,10,10.0,6.0,2.0,none,passed_in,False,0.0,2,8,0,2,6.0,4.0,10.0,0.0,False,True,True,True,7.331,16.739,11.971,15.096
17,atomic,10,10.0,6.0,2.0,none,passed_in,False,0.0,2,8,0,2,6.0,4.0,10.0,0.0,False,True,True,True,6.083,14.414,10.88,13.35
18,atomic,10,10.0,6.0,2.0,none,passed_in,False,0.0,2,8,0,2,6.0,4.0,10.0,0.0,False,True,True,True,5.022,19.854,13.439,18.203
19,atomic,10,10.0,6.0,2.0,none,passed_in,False,0.0,2,8,0,2,6.0,4.0,10.0,0.0,False,True,True,True,6.251,17.75,14.532,16.822
20,atomic,10,10.0,6.0,2.0,none,passed_in,False,0.0,2,8,0,2,6.0,4.0,10.0,0.0,False,True,True,True,6.009,16.32,11.019,14.23
21,atomic,10,10.0,6.0,2.0,none,passed_in,False,0.0,2,8,0,2,6.0,4.0,10.0,0.0,False,True,True,True,6.096,14.704,11.057,13.649
22,atomic,10,10.0,6.0,2.0,none,passed_in,False,0.0,2,8,0,2,6.0,4.0,10.0,0.0,False,True,True,True,7.88,18.751,11.751,16.374
23,atomic,10,10.0,6.0,2.0,none,passed_in,False,0.0,2,8,0,2,6.0,4.0,10.0,0.0,False,True,True,True,5.441,14.657,10.628,13.379
24,atomic,10,10.0,6.0,2.0,none,passed_in,False,0.0,2,8,0,2,6.0,4.0,10.0,0.0,False,True,True,True,8.441,20.187,13.317,17.368
25,atomic,10,10.0,6.0,2.0,none,passed_in,False,0.0,2,8,0,2,6.0,4.0,10.0,0.0,False,True,True,True,7.093,19.349,11.797,15.456
1,atomic,20,10.0,6.0,2.0,none,passed_in,False,0.0,2,18,0,2,6.0,4.0,10.0,0.0,False,True,True,True,18.886,31.523,18.463,25.392
2,atomic,20,10.0,6.0,2.0,none,passed_in,False,0.0,2,18,0,2,6.0,4.0,10.0,0.0,False,True,True,True,17.877,29.406,17.17,25.777
3,atomic,20,10.0,6.0,2.0,none,passed_in,False,0.0,2,18,0,2,6.0,4.0,10.0,0.0,False,True,True,True,19.279,35.526,24.065,31.054
4,atomic,20,10.0,6.0,2.0,none,passed_in,False,0.0,2,18,0,2,6.0,4.0,10.0,0.0,False,True,True,True,20.576,35.29,21.664,27.668
5,atomic,20,10.0,6.0,2.0,none,passed_in,False,0.0,2,18,0,2,6.0,4.0,10.0,0.0,False,True,True,True,21.881,32.967,19.957,28.955
6,atomic,20,10.0,6.0,2.0,none,passed_in,False,0.0,2,18,0,2,6.0,4.0,10.0,0.0,False,True,True,True,22.41,36.414,19.615,33.317
7,atomic,20,10.0,6.0,2.0,none,passed_in,False,0.0,2,18,0,2,6.0,4.0,10.0,0.0,False,True,True,True,21.46,34.914,21.22,27.52
8,atomic,20,10.0,6.0,2.0,none,passed_in,False,0.0,2,18,0,2,6.0,4.0,10.0,0.0,False,True,True,True,54.031,74.328,60.092,67.806
9,atomic,20,10.0,6.0,2.0,none,passed_in,False,0.0,2,18,0,2,6.0,4.0,10.0,0.0,False,True,True,True,26.962,40.938,25.655,33.78
10,atomic,20,10.0,6.0,2.0,none,passed_in,False,0.0,2,18,0,2,6.0,4.0,10.0,0.0,False,True,True,True,26.798,41.827,24.325,33.751
11,atomic,20,10.0,6.0,2.0,none,passed_in,False,0.0,2,18,0,2,6.0,4.0,10.0,0.0,False,True,True,True,27.466,41.281,25.167,35.207
12,atomic,20,10.0,6.0,2.0,none,passed_in,False,0.0,2,18,0,2,6.0,4.0,10.0,0.0,False,True,True,True,22.858,36.578,23.608,30.336
13,atomic,20,10.0,6.0,2.0,none,passed_in,False,0.0,2,18,0,2,6.0,4.0,10.0,0.0,False,True,True,True,25.46,36.299,24.197,34.983
14,atomic,20,10.0,6.0,2.0,none,passed_in,False,0.0,2,18,0,2,6.0,4.0,10.0,0.0,False,True,True,True,21.582,41.036,22.983,33.282
15,atomic,20,10.0,6.0,2.0,none,passed_in,False,0.0,2,18,0,2,6.0,4.0,10.0,0.0,False,True,True,True,24.295,37.211,20.838,32.547
16,atomic,20,10.0,6.0,2.0,none,passed_in,False,0.0,2,18,0,2,6.0,4.0,10.0,0.0,False,True,True,True,22.653,37.558,24.084,29.183
17,atomic,20,10.0,6.0,2.0,none,passed_in,False,0.0,2,18,0,2,6.0,4.0,10.0,0.0,False,True,True,True,24.368,35.078,20.13,33.761
18,atomic,20,10.0,6.0,2.0,none,passed_in,False,0.0,2,18,0,2,6.0,4.0,10.0,0.0,False,True,True,True,26.455,36.843,24.968,34.497
19,atomic,20,10.0,6.0,2.0,none,passed_in,False,0.0,2,18,0,2,6.0,4.0,10.0,0.0,False,True,True,True,25.884,40.2,23.558,30.956
20,atomic,20,10.0,6.0,2.0,none,passed_in,False,0.0,2,18,0,2,6.0,4.0,10.0,0.0,False,True,True,True,24.014,37.719,23.035,31.262
21,atomic,20,10.0,6.0,2.0,none,passed_in,False,0.0,2,18,0,2,6.0,4.0,10.0,0.0,False,True,True,True,22.545,34.292,22.524,31.911
22,atomic,20,10.0,6.0,2.0,none,passed_in,False,0.0,2,18,0,2,6.0,4.0,10.0,0.0,False,True,True,True,24.62,38.473,22.733,32.592
23,atomic,20,10.0,6.0,2.0,none,passed_in,False,0.0,2,18,0,2,6.0,4.0,10.0,0.0,False,True,True,True,25.045,36.752,22.666,33.43
24,atomic,20,10.0,6.0,2.0,none,passed_in,False,0.0,2,18,0,2,6.0,4.0,10.0,0.0,False,True,True,True,24.434,35.278,22.286,32.236
25,atomic,20,10.0,6.0,2.0,none,passed_in,False,0.0,2,18,0,2,6.0,4.0,10.0,0.0,False,True,True,True,22.552,37.911,21.539,34.521
1,atomic,50,10.0,6.0,2.0,none,passed_in,False,0.0,2,48,0,2,6.0,4.0,10.0,0.0,False,True,True,True,68.833,89.621,48.702,79.568
2,atomic,50,10.0,6.0,2.0,none,passed_in,False,0.0,2,48,0,2,6.0,4.0,10.0,0.0,False,True,True,True,74.819,91.871,52.158,89.474
3,atomic,50,10.0,6.0,2.0,none,passed_in,False,0.0,2,48,0,2,6.0,4.0,10.0,0.0,False,True,True,True,72.688,91.039,50.447,84.595
4,atomic,50,10.0,6.0,2.0,none,passed_in,False,0.0,2,48,0,2,6.0,4.0,10.0,0.0,False,True,True,True,75.324,93.793,54.829,87.58
5,atomic,50,10.0,6.0,2.0,none,passed_in,False,0.0,2,48,0,2,6.0,4.0,10.0,0.0,False,True,True,True,73.448,92.648,49.486,84.266
6,atomic,50,10.0,6.0,2.0,none,passed_in,False,0.0,2,48,0,2,6.0,4.0,10.0,0.0,False,True,True,True,72.679,93.295,50.013,84.676
7,atomic,50,10.0,6.0,2.0,none,passed_in,False,0.0,2,48,0,2,6.0,4.0,10.0,0.0,False,True,True,True,68.903,88.496,49.659,83.924
8,atomic,50,10.0,6.0,2.0,none,passed_in,False,0.0,2,48,0,2,6.0,4.0,10.0,0.0,False,True,True,True,72.25,89.718,48.849,86.843
9,atomic,50,10.0,6.0,2.0,none,passed_in,False,0.0,2,48,0,2,6.0,4.0,10.0,0.0,False,True,True,True,70.723,88.257,48.622,83.282
10,atomic,50,10.0,6.0,2.0,none,passed_in,False,0.0,2,48,0,2,6.0,4.0,10.0,0.0,False,True,True,True,71.386,93.59,54.365,87.318
11,atomic,50,10.0,6.0,2.0,none,passed_in,False,0.0,2,48,0,2,6.0,4.0,10.0,0.0,False,True,True,True,71.334,93.772,51.7,84.291
12,atomic,50,10.0,6.0,2.0,none,passed_in,False,0.0,2,48,0,2,6.0,4.0,10.0,0.0,False,True,True,True,70.531,91.722,47.64,81.335
13,atomic,50,10.0,6.0,2.0,none,passed_in,False,0.0,2,48,0,2,6.0,4.0,10.0,0.0,False,True,True,True,70.795,88.951,47.181,85.531
14,atomic,50,10.0,6.0,2.0,none,passed_in,False,0.0,2,48,0,2,6.0,4.0,10.0,0.0,False,True,True,True,71.596,94.56,49.563,84.677
15,atomic,50,10.0,6.0,2.0,none,passed_in,False,0.0,2,48,0,2,6.0,4.0,10.0,0.0,False,True,True,True,70.961,92.323,49.334,89.838
16,atomic,50,10.0,6.0,2.0,none,passed_in,False,0.0,2,48,0,2,6.0,4.0,10.0,0.0,False,True,True,True,74.002,94.381,50.042,85.989
17,atomic,50,10.0,6.0,2.0,none,passed_in,False,0.0,2,48,0,2,6.0,4.0,10.0,0.0,False,True,True,True,71.302,96.029,52.687,86.401
18,atomic,50,10.0,6.0,2.0,none,passed_in,False,0.0,2,48,0,2,6.0,4.0,10.0,0.0,False,True,True,True,66.7,88.582,50.235,82.319
19,atomic,50,10.0,6.0,2.0,none,passed_in,False,0.0,2,48,0,2,6.0,4.0,10.0,0.0,False,True,True,True,68.028,92.276,47.687,81.748
20,atomic,50,10.0,6.0,2.0,none,passed_in,False,0.0,2,48,0,2,6.0,4.0,10.0,0.0,False,True,True,True,73.474,91.72,48.702,85.39
21,atomic,50,10.0,6.0,2.0,none,passed_in,False,0.0,2,48,0,2,6.0,4.0,10.0,0.0,False,True,True,True,76.581,101.154,61.545,98.07
22,atomic,50,10.0,6.0,2.0,none,passed_in,False,0.0,2,48,0,2,6.0,4.0,10.0,0.0,False,True,True,True,62.548,82.736,45.557,74.672
23,atomic,50,10.0,6.0,2.0,none,passed_in,False,0.0,2,48,0,2,6.0,4.0,10.0,0.0,False,True,True,True,58.599,76.197,42.045,69.758
24,atomic,50,10.0,6.0,2.0,none,passed_in,False,0.0,2,48,0,2,6.0,4.0,10.0,0.0,False,True,True,True,61.873,80.875,42.289,71.032
25,atomic,50,10.0,6.0,2.0,none,passed_in,False,0.0,2,48,0,2,6.0,4.0,10.0,0.0,False,True,True,True,67.108,88.065,45.502,80.215
1,atomic,100,10.0,6.0,2.0,none,passed_in,False,0.0,2,98,0,2,6.0,4.0,10.0,0.0,False,True,True,True,143.089,172.992,88.947,161.676
2,atomic,100,10.0,6.0,2.0,none,passed_in,False,0.0,2,98,0,2,6.0,4.0,10.0,0.0,False,True,True,True,135.773,166.409,85.751,161.608
3,atomic,100,10.0,6.0,2.0,none,passed_in,False,0.0,2,98,0,2,6.0,4.0,10.0,0.0,False,True,True,True,126.397,158.514,81.904,143.966
4,atomic,100,10.0,6.0,2.0,none,passed_in,False,0.0,2,98,0,2,6.0,4.0,10.0,0.0,False,True,True,True,132.266,161.173,82.261,154.364
5,atomic,100,10.0,6.0,2.0,none,passed_in,False,0.0,2,98,0,2,6.0,4.0,10.0,0.0,False,True,True,True,134.055,169.151,84.961,160.463
6,atomic,100,10.0,6.0,2.0,none,passed_in,False,0.0,2,98,0,2,6.0,4.0,10.0,0.0,False,True,True,True,131.529,160.525,83.916,153.552
7,atomic,100,10.0,6.0,2.0,none,passed_in,False,0.0,2,98,0,2,6.0,4.0,10.0,0.0,False,True,True,True,139.218,168.144,89.251,163.224
8,atomic,100,10.0,6.0,2.0,none,passed_in,False,0.0,2,98,0,2,6.0,4.0,10.0,0.0,False,True,True,True,133.922,164.956,83.989,156.061
9,atomic,100,10.0,6.0,2.0,none,passed_in,False,0.0,2,98,0,2,6.0,4.0,10.0,0.0,False,True,True,True,130.991,161.377,85.537,151.394
10,atomic,100,10.0,6.0,2.0,none,passed_in,False,0.0,2,98,0,2,6.0,4.0,10.0,0.0,False,True,True,True,134.275,166.159,84.848,154.037
11,atomic,100,10.0,6.0,2.0,none,passed_in,False,0.0,2,98,0,2,6.0,4.0,10.0,0.0,False,True,True,True,135.525,167.321,81.969,150.224
12,atomic,100,10.0,6.0,2.0,none,passed_in,False,0.0,2,98,0,2,6.0,4.0,10.0,0.0,False,True,True,True,132.208,163.736,83.765,151.654
13,atomic,100,10.0,6.0,2.0,none,passed_in,False,0.0,2,98,0,2,6.0,4.0,10.0,0.0,False,True,True,True,129.416,156.982,85.276,147.173
14,atomic,100,10.0,6.0,2.0,none,passed_in,False,0.0,2,98,0,2,6.0,4.0,10.0,0.0,False,True,True,True,132.876,162.753,86.306,154.443
15,atomic,100,10.0,6.0,2.0,none,passed_in,False,0.0,2,98,0,2,6.0,4.0,10.0,0.0,False,True,True,True,128.232,157.387,80.526,150.871
16,atomic,100,10.0,6.0,2.0,none,passed_in,False,0.0,2,98,0,2,6.0,4.0,10.0,0.0,False,True,True,True,140.018,167.035,90.335,158.232
17,atomic,100,10.0,6.0,2.0,none,passed_in,False,0.0,2,98,0,2,6.0,4.0,10.0,0.0,False,True,True,True,135.95,167.499,85.099,157.66
18,atomic,100,10.0,6.0,2.0,none,passed_in,False,0.0,2,98,0,2,6.0,4.0,10.0,0.0,False,True,True,True,132.702,162.762,86.574,155.655
19,atomic,100,10.0,6.0,2.0,none,passed_in,False,0.0,2,98,0,2,6.0,4.0,10.0,0.0,False,True,True,True,133.79,165.866,83.25,155.348
20,atomic,100,10.0,6.0,2.0,none,passed_in,False,0.0,2,98,0,2,6.0,4.0,10.0,0.0,False,True,True,True,131.167,161.006,83.123,150.344
21,atomic,100,10.0,6.0,2.0,none,passed_in,False,0.0,2,98,0,2,6.0,4.0,10.0,0.0,False,True,True,True,132.146,162.451,82.724,153.079
22,atomic,100,10.0,6.0,2.0,none,passed_in,False,0.0,2,98,0,2,6.0,4.0,10.0,0.0,False,True,True,True,119.335,148.933,78.837,143.274
23,atomic,100,10.0,6.0,2.0,none,passed_in,False,0.0,2,98,0,2,6.0,4.0,10.0,0.0,False,True,True,True,130.473,158.506,84.585,150.967
24,atomic,100,10.0,6.0,2.0,none,passed_in,False,0.0,2,98,0,2,6.0,4.0,10.0,0.0,False,True,True,True,125.793,154.284,82.598,143.095
25,atomic,100,10.0,6.0,2.0,none,passed_in,False,0.0,2,98,0,2,6.0,4.0,10.0,0.0,False,True,True,True,124.85,153.061,78.292,139.043
